{
  "best_params": {
    "K_M": 84.22090028707936,
    "k_cat": 0.8192960857638174,
    "k_ie": 0.0010701955047783623
  },
  "aic": 3.498603630156207,
  "bic": 7.032765121200045,
  "error": 0.28630483334484985,
  "loss_function": "Mean Squared Error"
}